Trial,Action,ReactionTime,Outcome
1,2,0.8552189,0.5
2,1,0.6663427,1
3,1,0.9711295,1
4,1,0.8664355,1